{"iterations": 1265, "learning_rate": 0.03683058312225691, "depth": 4, "l2_leaf_reg": 3.439909532563939, "subsample": 0.9569762204547745}